[
  {
    "id": "b9e9a3bb-092d-4dd9-89ff-d96e88111156",
    "data": [
      {
        "text": "health advisory on ",
        "userDefined": false
      },
      {
        "text": "covid-19",
        "alias": "virus-name",
        "meta": "@virus-name",
        "userDefined": false
      }
    ],
    "isTemplate": false,
    "count": 0,
    "updated": 0
  },
  {
    "id": "6a637bfa-99f3-4aa6-a14f-02dda39df3a4",
    "data": [
      {
        "text": "health advisory on ",
        "userDefined": false
      },
      {
        "text": "covid 19",
        "alias": "virus-name",
        "meta": "@virus-name",
        "userDefined": false
      }
    ],
    "isTemplate": false,
    "count": 0,
    "updated": 0
  },
  {
    "id": "2a9beacd-afd0-4fe4-82c7-72f467179916",
    "data": [
      {
        "text": "health advisory on ",
        "userDefined": false
      },
      {
        "text": "covid",
        "alias": "virus-name",
        "meta": "@virus-name",
        "userDefined": false
      }
    ],
    "isTemplate": false,
    "count": 0,
    "updated": 0
  },
  {
    "id": "aa3dbbee-5e49-42f8-8244-fe3c2f06f729",
    "data": [
      {
        "text": "health advisory",
        "userDefined": false
      }
    ],
    "isTemplate": false,
    "count": 0,
    "updated": 0
  },
  {
    "id": "0f3b7ec6-1996-414e-88d1-48aa224c7d1e",
    "data": [
      {
        "text": "health",
        "userDefined": false
      }
    ],
    "isTemplate": false,
    "count": 0,
    "updated": 0
  }
]