[
  {
    "id": "5f831e00-6ace-47d9-ad70-e49e760728cd",
    "data": [
      {
        "text": "general advisory on ",
        "userDefined": false
      },
      {
        "text": "covid-19",
        "alias": "virus-name",
        "meta": "@virus-name",
        "userDefined": false
      }
    ],
    "isTemplate": false,
    "count": 0,
    "updated": 0
  },
  {
    "id": "f37d58d1-7d4e-4eb5-a863-b2a273a5023a",
    "data": [
      {
        "text": "general advisory on ",
        "userDefined": false
      },
      {
        "text": "covid 19",
        "alias": "virus-name",
        "meta": "@virus-name",
        "userDefined": false
      }
    ],
    "isTemplate": false,
    "count": 0,
    "updated": 0
  },
  {
    "id": "173f2933-b425-45f9-8eee-1279ed0aba4f",
    "data": [
      {
        "text": "general advisory on ",
        "userDefined": false
      },
      {
        "text": "covid",
        "alias": "virus-name",
        "meta": "@virus-name",
        "userDefined": false
      }
    ],
    "isTemplate": false,
    "count": 0,
    "updated": 0
  },
  {
    "id": "e93f76ca-a5d1-4224-a345-2af07c9a1d06",
    "data": [
      {
        "text": "general advisory",
        "userDefined": false
      }
    ],
    "isTemplate": false,
    "count": 0,
    "updated": 0
  },
  {
    "id": "31ae3c98-c5d8-406b-a8e1-a8182e649ab4",
    "data": [
      {
        "text": "general",
        "userDefined": false
      }
    ],
    "isTemplate": false,
    "count": 0,
    "updated": 0
  }
]