[
  {
    "id": "74ba171f-de09-496b-8b1d-752a1ce52175",
    "data": [
      {
        "text": "travel advisory on ",
        "userDefined": false
      },
      {
        "text": "covid-19",
        "alias": "virus-name",
        "meta": "@virus-name",
        "userDefined": false
      }
    ],
    "isTemplate": false,
    "count": 0,
    "updated": 0
  },
  {
    "id": "b96ba31c-851e-44c6-9bcb-fb639dcf2a97",
    "data": [
      {
        "text": "travel advisory on covid 19",
        "userDefined": false
      }
    ],
    "isTemplate": false,
    "count": 0,
    "updated": 0
  },
  {
    "id": "ecdd388e-7def-418f-aa5e-123730fc957f",
    "data": [
      {
        "text": "travel advisory on ",
        "userDefined": false
      },
      {
        "text": "covid",
        "alias": "virus-name",
        "meta": "@virus-name",
        "userDefined": false
      }
    ],
    "isTemplate": false,
    "count": 0,
    "updated": 0
  },
  {
    "id": "4ad0190f-f207-4788-80de-26078eadd01c",
    "data": [
      {
        "text": "travel advisory",
        "userDefined": false
      }
    ],
    "isTemplate": false,
    "count": 0,
    "updated": 0
  },
  {
    "id": "09a994a2-e1b8-4e0a-8ee6-b122e069d706",
    "data": [
      {
        "text": "travel",
        "userDefined": false
      }
    ],
    "isTemplate": false,
    "count": 0,
    "updated": 0
  }
]