[
  {
    "id": "e370745c-c642-4eec-ad1b-fa3df5a5af0c",
    "data": [
      {
        "text": "show me what u can do",
        "userDefined": false
      }
    ],
    "isTemplate": false,
    "count": 0,
    "updated": 0
  },
  {
    "id": "d8099de4-795d-4366-9ac9-6bf873428023",
    "data": [
      {
        "text": "what can u do?",
        "userDefined": false
      }
    ],
    "isTemplate": false,
    "count": 0,
    "updated": 0
  },
  {
    "id": "266b46ee-85a5-48f7-81dd-2640cd5ba8c8",
    "data": [
      {
        "text": "Show me what you can do",
        "userDefined": false
      }
    ],
    "isTemplate": false,
    "count": 0,
    "updated": 0
  },
  {
    "id": "4bb17350-f63c-4b5e-aa73-a266cec4de1e",
    "data": [
      {
        "text": "are you useful?",
        "userDefined": false
      }
    ],
    "isTemplate": false,
    "count": 0,
    "updated": 0
  },
  {
    "id": "ec41b35c-b431-4ebe-88af-8ad0894dd4df",
    "data": [
      {
        "text": "how useful are you?",
        "userDefined": false
      }
    ],
    "isTemplate": false,
    "count": 0,
    "updated": 0
  },
  {
    "id": "bee281c9-f90d-43c0-9922-c36db3390dca",
    "data": [
      {
        "text": "anything you can do for me?",
        "userDefined": false
      }
    ],
    "isTemplate": false,
    "count": 0,
    "updated": 0
  },
  {
    "id": "5e6aec43-d853-4563-ba97-14f10c590dc3",
    "data": [
      {
        "text": "how can you help?",
        "userDefined": false
      }
    ],
    "isTemplate": false,
    "count": 0,
    "updated": 0
  },
  {
    "id": "fa2702b0-7cc7-4812-8fb2-2b484e104077",
    "data": [
      {
        "text": "what can you do?",
        "userDefined": false
      }
    ],
    "isTemplate": false,
    "count": 0,
    "updated": 0
  }
]