[
  {
    "id": "65a406c2-da4d-43a0-ac13-ad0abaf2b8fc",
    "data": [
      {
        "text": "check in after 2 days.",
        "userDefined": false
      }
    ],
    "isTemplate": false,
    "count": 0,
    "updated": 0
  },
  {
    "id": "f51b075d-5065-4661-8018-2e772ba36bad",
    "data": [
      {
        "text": "check in",
        "userDefined": false
      }
    ],
    "isTemplate": false,
    "count": 0,
    "updated": 0
  },
  {
    "id": "baa42d47-f6bf-4475-9d5b-f16d8d8a9250",
    "data": [
      {
        "text": "check in assessment",
        "userDefined": false
      }
    ],
    "isTemplate": false,
    "count": 0,
    "updated": 0
  },
  {
    "id": "72748e8f-d8ca-4c1e-a420-74ab87db7d81",
    "data": [
      {
        "text": "i want to check in for self assessment.",
        "userDefined": false
      }
    ],
    "isTemplate": false,
    "count": 0,
    "updated": 0
  }
]