[
  {
    "id": "6ee2d65f-c325-4625-b318-17c4681e7f15",
    "data": [
      {
        "text": "diagnosis",
        "userDefined": false
      }
    ],
    "isTemplate": false,
    "count": 0,
    "updated": 0
  },
  {
    "id": "1775bdf6-b74f-4664-badd-6d31dfb4ee4a",
    "data": [
      {
        "text": "self check on virus",
        "userDefined": false
      }
    ],
    "isTemplate": false,
    "count": 0,
    "updated": 0
  },
  {
    "id": "112e916a-5008-459f-90fb-2409a1ac68c1",
    "data": [
      {
        "text": "self assessment",
        "userDefined": false
      }
    ],
    "isTemplate": false,
    "count": 0,
    "updated": 0
  },
  {
    "id": "fcf1c605-ac0d-45ef-9051-e64579fa76c4",
    "data": [
      {
        "text": "run diagnosis",
        "userDefined": false
      }
    ],
    "isTemplate": false,
    "count": 0,
    "updated": 0
  },
  {
    "id": "3cfcdce5-65c7-4151-9552-7cd4f6041515",
    "data": [
      {
        "text": "check symptom",
        "userDefined": false
      }
    ],
    "isTemplate": false,
    "count": 0,
    "updated": 0
  },
  {
    "id": "50cded59-2db2-4630-a2ea-8a560968ffe3",
    "data": [
      {
        "text": "check my symptom",
        "userDefined": false
      }
    ],
    "isTemplate": false,
    "count": 0,
    "updated": 0
  },
  {
    "id": "a669c8c3-0fef-4f18-91f4-7b1d7a1f6da0",
    "data": [
      {
        "text": "perform diagnosis",
        "userDefined": false
      }
    ],
    "isTemplate": false,
    "count": 0,
    "updated": 0
  },
  {
    "id": "509da5bc-90c9-48c1-afc6-0c7752890b96",
    "data": [
      {
        "text": "am i infected?",
        "userDefined": false
      }
    ],
    "isTemplate": false,
    "count": 0,
    "updated": 0
  },
  {
    "id": "06566f6a-e404-4a29-8aff-16c41837c78d",
    "data": [
      {
        "text": "virus diagnosis",
        "userDefined": false
      }
    ],
    "isTemplate": false,
    "count": 0,
    "updated": 0
  },
  {
    "id": "220a1704-604b-4a24-aa50-456222241914",
    "data": [
      {
        "text": "Do I have ",
        "userDefined": false
      },
      {
        "text": "corona virus",
        "meta": "@sys.ignore",
        "userDefined": false
      },
      {
        "text": "?",
        "userDefined": false
      }
    ],
    "isTemplate": false,
    "count": 0,
    "updated": 0
  },
  {
    "id": "b05fdae0-536a-4c8a-acce-59713693fe8c",
    "data": [
      {
        "text": "How do I know I have the virus",
        "userDefined": false
      }
    ],
    "isTemplate": false,
    "count": 0,
    "updated": 0
  },
  {
    "id": "d02f2a7d-3292-4977-be44-ac29fb7723df",
    "data": [
      {
        "text": "Do i have virus?",
        "userDefined": false
      }
    ],
    "isTemplate": false,
    "count": 0,
    "updated": 0
  }
]