[
  {
    "id": "2abf222a-7fd2-4d38-8898-e5fed9b98e23",
    "data": [
      {
        "text": "tell me facts",
        "userDefined": false
      }
    ],
    "isTemplate": false,
    "count": 0,
    "updated": 0
  },
  {
    "id": "96acf789-eb33-4f2e-89fd-060729582140",
    "data": [
      {
        "text": "tell me some facts of the ",
        "userDefined": false
      },
      {
        "text": "virus",
        "alias": "virus-name",
        "meta": "@virus-name",
        "userDefined": false
      }
    ],
    "isTemplate": false,
    "count": 1,
    "updated": 0
  },
  {
    "id": "e8620d0b-f7c0-4eec-a98e-ba4f169e17c2",
    "data": [
      {
        "text": "tell me some facts of ",
        "userDefined": false
      },
      {
        "text": "covid 19",
        "alias": "virus-name",
        "meta": "@virus-name",
        "userDefined": false
      }
    ],
    "isTemplate": false,
    "count": 0,
    "updated": 0
  },
  {
    "id": "37b2ec53-1a88-4a4a-956b-22e3264993f4",
    "data": [
      {
        "text": "facts",
        "userDefined": false
      }
    ],
    "isTemplate": false,
    "count": 0,
    "updated": 0
  }
]