[
  {
    "id": "cd4c3698-388e-4d95-af02-e526a4370c6f",
    "data": [
      {
        "text": "i want to speak to your manager",
        "userDefined": false
      }
    ],
    "isTemplate": false,
    "count": 0,
    "updated": 0
  },
  {
    "id": "a7cb7d41-bb56-4564-8725-a885485adad8",
    "data": [
      {
        "text": "reach out",
        "userDefined": false
      }
    ],
    "isTemplate": false,
    "count": 0,
    "updated": 0
  },
  {
    "id": "0d5c642b-848c-453b-98f9-0a9ae75ec94b",
    "data": [
      {
        "text": "I would like to leave comment",
        "userDefined": false
      }
    ],
    "isTemplate": false,
    "count": 0,
    "updated": 0
  },
  {
    "id": "18769352-55a2-4489-81e2-a23d818fa272",
    "data": [
      {
        "text": "u r dumb",
        "userDefined": false
      }
    ],
    "isTemplate": false,
    "count": 0,
    "updated": 0
  },
  {
    "id": "bff69fda-54ab-49f8-9052-b7a693d054a3",
    "data": [
      {
        "text": "you are stupid",
        "userDefined": false
      }
    ],
    "isTemplate": false,
    "count": 0,
    "updated": 0
  },
  {
    "id": "70637dcb-9f45-4805-9042-04c756c4d3fe",
    "data": [
      {
        "text": "you are doing great",
        "userDefined": false
      }
    ],
    "isTemplate": false,
    "count": 0,
    "updated": 0
  },
  {
    "id": "e9f8b3c4-98c8-4449-888d-35a64efc9c42",
    "data": [
      {
        "text": "I want to feedback",
        "userDefined": false
      }
    ],
    "isTemplate": false,
    "count": 0,
    "updated": 0
  },
  {
    "id": "081a5b06-c0bb-4ca0-bf4a-346af5e1cae7",
    "data": [
      {
        "text": "feedback",
        "userDefined": false
      }
    ],
    "isTemplate": false,
    "count": 0,
    "updated": 0
  }
]