[
  {
    "id": "ba04e1bc-0ec0-47ca-af0b-0f6ce3233106",
    "data": [
      {
        "text": "origin",
        "userDefined": false
      }
    ],
    "isTemplate": false,
    "count": 0,
    "updated": 0
  },
  {
    "id": "f37a4554-4b7f-4716-a175-2deb7c466b12",
    "data": [
      {
        "text": "how did ",
        "userDefined": false
      },
      {
        "text": "covid 19",
        "alias": "virus-name",
        "meta": "@virus-name",
        "userDefined": false
      },
      {
        "text": " start",
        "userDefined": false
      }
    ],
    "isTemplate": false,
    "count": 0,
    "updated": 0
  },
  {
    "id": "4c01b022-38a6-44bc-981d-d102ceb92f03",
    "data": [
      {
        "text": "how did ",
        "userDefined": false
      },
      {
        "text": "covid-19",
        "alias": "virus-name",
        "meta": "@virus-name",
        "userDefined": false
      },
      {
        "text": " start",
        "userDefined": false
      }
    ],
    "isTemplate": false,
    "count": 0,
    "updated": 0
  },
  {
    "id": "3fb43eb7-9e65-427c-acc9-f723d114cf41",
    "data": [
      {
        "text": "how the ",
        "userDefined": false
      },
      {
        "text": "virus",
        "alias": "virus-name",
        "meta": "@virus-name",
        "userDefined": false
      },
      {
        "text": " started",
        "userDefined": false
      }
    ],
    "isTemplate": false,
    "count": 0,
    "updated": 0
  },
  {
    "id": "4a9949fa-5cdf-4a7e-899b-d82d05edba05",
    "data": [
      {
        "text": "first",
        "alias": "ordinal",
        "meta": "@sys.ordinal",
        "userDefined": false
      },
      {
        "text": " incident of ",
        "userDefined": false
      },
      {
        "text": "coronavirus",
        "alias": "virus-name",
        "meta": "@virus-name",
        "userDefined": false
      }
    ],
    "isTemplate": false,
    "count": 0,
    "updated": 0
  },
  {
    "id": "7e31a097-01bb-4676-ad83-32320986902b",
    "data": [
      {
        "text": "when was the ",
        "userDefined": false
      },
      {
        "text": "first",
        "alias": "ordinal",
        "meta": "@sys.ordinal",
        "userDefined": false
      },
      {
        "text": " case of ",
        "userDefined": false
      },
      {
        "text": "covid",
        "alias": "virus-name",
        "meta": "@virus-name",
        "userDefined": false
      }
    ],
    "isTemplate": false,
    "count": 0,
    "updated": 0
  },
  {
    "id": "151ff69d-590c-4dd7-83a7-ce177c98a8d3",
    "data": [
      {
        "text": "how did the ",
        "userDefined": false
      },
      {
        "text": "virus",
        "alias": "virus-name",
        "meta": "@virus-name",
        "userDefined": false
      },
      {
        "text": " started",
        "userDefined": false
      }
    ],
    "isTemplate": false,
    "count": 0,
    "updated": 0
  },
  {
    "id": "882ddc20-ab74-4884-9f19-53cd8daf8576",
    "data": [
      {
        "text": "tell me origin of ",
        "userDefined": false
      },
      {
        "text": "covid",
        "alias": "virus-name",
        "meta": "@virus-name",
        "userDefined": false
      }
    ],
    "isTemplate": false,
    "count": 0,
    "updated": 0
  }
]