[
  {
    "id": "28a454ce-0bc9-4a86-80d5-5bb9c8207869",
    "data": [
      {
        "text": "location",
        "userDefined": false
      }
    ],
    "isTemplate": false,
    "count": 0,
    "updated": 0
  },
  {
    "id": "a4730a70-f7e8-4804-ae5e-529be7c30a38",
    "data": [
      {
        "text": "locate",
        "userDefined": false
      }
    ],
    "isTemplate": false,
    "count": 0,
    "updated": 0
  },
  {
    "id": "186e30a9-cd8b-438d-8ee4-0b399a7621df",
    "data": [
      {
        "text": "I need to go ",
        "userDefined": false
      },
      {
        "text": "polyclinic",
        "alias": "healthcare",
        "meta": "@healthcare",
        "userDefined": false
      }
    ],
    "isTemplate": false,
    "count": 0,
    "updated": 0
  },
  {
    "id": "6036ce95-650c-49be-9556-13ba51902761",
    "data": [
      {
        "text": "send me to ",
        "userDefined": false
      },
      {
        "text": "hospital",
        "alias": "healthcare",
        "meta": "@healthcare",
        "userDefined": false
      }
    ],
    "isTemplate": false,
    "count": 0,
    "updated": 0
  },
  {
    "id": "6a78a276-129c-47f0-87f9-f6b594dbb3eb",
    "data": [
      {
        "text": "i need to go to ",
        "userDefined": false
      },
      {
        "text": "polyclinic",
        "alias": "healthcare",
        "meta": "@healthcare",
        "userDefined": false
      }
    ],
    "isTemplate": false,
    "count": 0,
    "updated": 0
  },
  {
    "id": "2c83af36-d00a-4fbc-bd8c-48148717f3fa",
    "data": [
      {
        "text": "nearby ",
        "userDefined": false
      },
      {
        "text": "healthcare centre",
        "alias": "healthcare",
        "meta": "@healthcare",
        "userDefined": true
      },
      {
        "text": "?",
        "userDefined": false
      }
    ],
    "isTemplate": false,
    "count": 0,
    "updated": 0
  },
  {
    "id": "f7fbb149-1033-445b-bf9f-b4867d14b19f",
    "data": [
      {
        "text": "how to go ",
        "userDefined": false
      },
      {
        "text": "hospital",
        "alias": "healthcare",
        "meta": "@healthcare",
        "userDefined": false
      },
      {
        "text": " from ",
        "userDefined": false
      },
      {
        "text": "guoco tower",
        "alias": "address",
        "meta": "@sys.address",
        "userDefined": false
      }
    ],
    "isTemplate": false,
    "count": 0,
    "updated": 0
  },
  {
    "id": "40c199ce-c6ae-431b-ac10-e3e56a2efc27",
    "data": [
      {
        "text": "nearest ",
        "userDefined": false
      },
      {
        "text": "hospital",
        "alias": "healthcare",
        "meta": "@healthcare",
        "userDefined": false
      },
      {
        "text": " from ",
        "userDefined": false
      },
      {
        "text": "1 Scotts Road #16-12 SHAW CENTRE, 228208, Singapore",
        "alias": "address",
        "meta": "@sys.address",
        "userDefined": false
      }
    ],
    "isTemplate": false,
    "count": 0,
    "updated": 0
  },
  {
    "id": "4ada109a-2c99-4356-93ed-6d77e66b525e",
    "data": [
      {
        "text": "where is the nearest ",
        "userDefined": false
      },
      {
        "text": "clinic",
        "alias": "healthcare",
        "meta": "@healthcare",
        "userDefined": false
      },
      {
        "text": " from ",
        "userDefined": false
      },
      {
        "text": "600264",
        "alias": "address",
        "meta": "@sys.address",
        "userDefined": false
      }
    ],
    "isTemplate": false,
    "count": 0,
    "updated": 0
  },
  {
    "id": "23dbc4b5-d475-42c1-ba2a-891b4858d8a2",
    "data": [
      {
        "text": "find me nearest ",
        "userDefined": false
      },
      {
        "text": "hospital",
        "alias": "healthcare",
        "meta": "@healthcare",
        "userDefined": true
      },
      {
        "text": " from ",
        "userDefined": false
      },
      {
        "text": "jurong west st 65",
        "alias": "address",
        "meta": "@sys.address",
        "userDefined": true
      }
    ],
    "isTemplate": false,
    "count": 0,
    "updated": 0
  },
  {
    "id": "1f46b954-05b3-47a8-894d-4aea0d1766a5",
    "data": [
      {
        "text": "how do i go to ",
        "userDefined": false
      },
      {
        "text": "the",
        "meta": "@sys.ignore",
        "userDefined": false
      },
      {
        "text": " nearest ",
        "userDefined": false
      },
      {
        "text": "klinic",
        "alias": "healthcare",
        "meta": "@healthcare",
        "userDefined": false
      }
    ],
    "isTemplate": false,
    "count": 0,
    "updated": 0
  },
  {
    "id": "1b32764f-ddbe-4929-9e0f-48be02708ad3",
    "data": [
      {
        "text": "nearest ",
        "userDefined": false
      },
      {
        "text": "polyclinic",
        "alias": "healthcare",
        "meta": "@healthcare",
        "userDefined": false
      }
    ],
    "isTemplate": false,
    "count": 0,
    "updated": 0
  },
  {
    "id": "258030e3-f4b9-4873-813a-718f559a540f",
    "data": [
      {
        "text": "nearest ",
        "userDefined": false
      },
      {
        "text": "clinic",
        "alias": "healthcare",
        "meta": "@healthcare",
        "userDefined": true
      }
    ],
    "isTemplate": false,
    "count": 0,
    "updated": 0
  },
  {
    "id": "04511abe-1322-4729-b024-91c11cf3b9b3",
    "data": [
      {
        "text": "clinic",
        "alias": "healthcare",
        "meta": "@healthcare",
        "userDefined": true
      },
      {
        "text": " where",
        "userDefined": false
      }
    ],
    "isTemplate": false,
    "count": 1,
    "updated": 0
  },
  {
    "id": "467e7569-7c49-48c6-9d31-8f7fb028f7a0",
    "data": [
      {
        "text": "where is nearby ",
        "userDefined": false
      },
      {
        "text": "clinic",
        "alias": "healthcare",
        "meta": "@healthcare",
        "userDefined": true
      }
    ],
    "isTemplate": false,
    "count": 0,
    "updated": 0
  },
  {
    "id": "8c06423a-be9b-49d5-ac51-a41e2f494cd3",
    "data": [
      {
        "text": "where is the nearest ",
        "userDefined": false
      },
      {
        "text": "hospital",
        "alias": "healthcare",
        "meta": "@healthcare",
        "userDefined": true
      }
    ],
    "isTemplate": false,
    "count": 1,
    "updated": 0
  },
  {
    "id": "7f746a8f-d452-41e3-858e-b452f8981e02",
    "data": [
      {
        "text": "where is the nearest ",
        "userDefined": false
      },
      {
        "text": "hospital",
        "alias": "healthcare",
        "meta": "@healthcare",
        "userDefined": true
      },
      {
        "text": " from me",
        "userDefined": false
      }
    ],
    "isTemplate": false,
    "count": 0,
    "updated": 0
  },
  {
    "id": "0d66c0b3-072e-446c-8cd2-ee8c8c41a232",
    "data": [
      {
        "text": "i need to visit ",
        "userDefined": false
      },
      {
        "text": "clinic",
        "alias": "healthcare",
        "meta": "@healthcare",
        "userDefined": true
      }
    ],
    "isTemplate": false,
    "count": 0,
    "updated": 0
  },
  {
    "id": "75370b4a-99f6-4c9f-983f-2d9d52cea8e7",
    "data": [
      {
        "text": "i need to go to ",
        "userDefined": false
      },
      {
        "text": "hospital",
        "alias": "healthcare",
        "meta": "@healthcare",
        "userDefined": true
      }
    ],
    "isTemplate": false,
    "count": 0,
    "updated": 0
  },
  {
    "id": "bdb6826d-5050-492f-a00e-cdfd493fa777",
    "data": [
      {
        "text": "where is ",
        "userDefined": false
      },
      {
        "text": "hospital",
        "alias": "healthcare",
        "meta": "@healthcare",
        "userDefined": true
      }
    ],
    "isTemplate": false,
    "count": 0,
    "updated": 0
  },
  {
    "id": "0be89209-940a-443c-a4e8-d3982ab06084",
    "data": [
      {
        "text": "where is the nearest ",
        "userDefined": false
      },
      {
        "text": "clinic",
        "alias": "healthcare",
        "meta": "@healthcare",
        "userDefined": true
      },
      {
        "text": " from me",
        "userDefined": false
      }
    ],
    "isTemplate": false,
    "count": 0,
    "updated": 0
  },
  {
    "id": "f49211e9-3087-4537-9884-edef32e8c6a4",
    "data": [
      {
        "text": "can you direct me to the ",
        "userDefined": false
      },
      {
        "text": "hospital",
        "alias": "healthcare",
        "meta": "@healthcare",
        "userDefined": true
      }
    ],
    "isTemplate": false,
    "count": 0,
    "updated": 0
  }
]