[
  {
    "id": "c3b9942a-e659-410f-8172-5272d5482a4b",
    "data": [
      {
        "text": "mofo",
        "userDefined": false
      }
    ],
    "isTemplate": false,
    "count": 0,
    "updated": 0
  },
  {
    "id": "5be3332d-bff9-4895-abec-f24bf6689d05",
    "data": [
      {
        "text": "motherfucker",
        "userDefined": false
      }
    ],
    "isTemplate": false,
    "count": 0,
    "updated": 0
  },
  {
    "id": "31053437-d712-4cf5-b332-a7a8ffde318b",
    "data": [
      {
        "text": "freaking dumb",
        "userDefined": false
      }
    ],
    "isTemplate": false,
    "count": 0,
    "updated": 0
  },
  {
    "id": "f8d8d65c-075e-45a1-a911-ef3dbc1c2132",
    "data": [
      {
        "text": "cunt",
        "userDefined": false
      }
    ],
    "isTemplate": false,
    "count": 0,
    "updated": 0
  },
  {
    "id": "a373d693-3f11-47c0-a471-e06b7c787d35",
    "data": [
      {
        "text": "asshole",
        "userDefined": false
      }
    ],
    "isTemplate": false,
    "count": 0,
    "updated": 0
  },
  {
    "id": "f26806bd-0a3d-49ca-806d-22bbd07f2494",
    "data": [
      {
        "text": "dumbass",
        "userDefined": false
      }
    ],
    "isTemplate": false,
    "count": 0,
    "updated": 0
  },
  {
    "id": "a0faf78b-fe91-49b6-9d92-3c1f176bfaf3",
    "data": [
      {
        "text": "dumb",
        "userDefined": false
      }
    ],
    "isTemplate": false,
    "count": 0,
    "updated": 0
  },
  {
    "id": "c47f0890-4be7-4f7a-b015-56f2190f94e8",
    "data": [
      {
        "text": "stupid",
        "userDefined": false
      }
    ],
    "isTemplate": false,
    "count": 0,
    "updated": 0
  },
  {
    "id": "ac7c6d30-0c87-437b-856a-5c963daefe56",
    "data": [
      {
        "text": "fuck you",
        "userDefined": false
      }
    ],
    "isTemplate": false,
    "count": 0,
    "updated": 0
  },
  {
    "id": "dfdae95b-0606-4e05-bcab-af80e731df9f",
    "data": [
      {
        "text": "cibai",
        "userDefined": false
      }
    ],
    "isTemplate": false,
    "count": 0,
    "updated": 0
  },
  {
    "id": "9914def2-bb4c-4588-ac34-834515f5e9fe",
    "data": [
      {
        "text": "fuck",
        "userDefined": false
      }
    ],
    "isTemplate": false,
    "count": 0,
    "updated": 0
  }
]