[
  {
    "id": "79adfe24-bfc4-490e-8087-36a54411d529",
    "data": [
      {
        "text": "transmitted",
        "userDefined": false
      }
    ],
    "isTemplate": false,
    "count": 1,
    "updated": 0
  },
  {
    "id": "0b534146-3e6b-4322-bc78-723f015467fa",
    "data": [
      {
        "text": "how is ",
        "userDefined": false
      },
      {
        "text": "covid-19",
        "alias": "virus-name",
        "meta": "@virus-name",
        "userDefined": false
      },
      {
        "text": " transmitted",
        "userDefined": false
      }
    ],
    "isTemplate": false,
    "count": 0,
    "updated": 0
  },
  {
    "id": "d1d53aca-0015-45af-947c-644ee161bd2e",
    "data": [
      {
        "text": "Will ",
        "userDefined": false
      },
      {
        "text": "coronavirus",
        "alias": "virus-name",
        "meta": "@virus-name",
        "userDefined": false
      },
      {
        "text": " survive airborne?",
        "userDefined": false
      }
    ],
    "isTemplate": false,
    "count": 0,
    "updated": 0
  },
  {
    "id": "26c982ff-7cca-4adc-8ed8-c52d33519fbf",
    "data": [
      {
        "text": "is ",
        "userDefined": false
      },
      {
        "text": "coronavirus",
        "alias": "virus-name",
        "meta": "@virus-name",
        "userDefined": false
      },
      {
        "text": " airborne?",
        "userDefined": false
      }
    ],
    "isTemplate": false,
    "count": 0,
    "updated": 0
  },
  {
    "id": "ff418e63-cd08-4459-9075-ee7bc3c732d2",
    "data": [
      {
        "text": "how ",
        "userDefined": false
      },
      {
        "text": "virus",
        "alias": "virus-name",
        "meta": "@virus-name",
        "userDefined": false
      },
      {
        "text": " transmit",
        "userDefined": false
      }
    ],
    "isTemplate": false,
    "count": 0,
    "updated": 0
  },
  {
    "id": "26f9858e-a1e2-4b74-a77b-626aa3d67638",
    "data": [
      {
        "text": "how is the transmission",
        "userDefined": false
      }
    ],
    "isTemplate": false,
    "count": 0,
    "updated": 0
  },
  {
    "id": "72b9717e-8816-45f3-bdde-a8eda8c5b9b4",
    "data": [
      {
        "text": "spread of ",
        "userDefined": false
      },
      {
        "text": "virus",
        "alias": "virus-name",
        "meta": "@virus-name",
        "userDefined": false
      }
    ],
    "isTemplate": false,
    "count": 0,
    "updated": 0
  },
  {
    "id": "983d970b-7c13-4d9e-becb-5990d5ca9b50",
    "data": [
      {
        "text": "how would the ",
        "userDefined": false
      },
      {
        "text": "virus",
        "alias": "virus-name",
        "meta": "@virus-name",
        "userDefined": false
      },
      {
        "text": " carry from one person to another?",
        "userDefined": false
      }
    ],
    "isTemplate": false,
    "count": 0,
    "updated": 0
  },
  {
    "id": "62a605c9-0b86-480d-a38a-b3e04d6066bf",
    "data": [
      {
        "text": "how does ",
        "userDefined": false
      },
      {
        "text": "covid19",
        "alias": "virus-name",
        "meta": "@virus-name",
        "userDefined": false
      },
      {
        "text": " spread",
        "userDefined": false
      }
    ],
    "isTemplate": false,
    "count": 0,
    "updated": 0
  },
  {
    "id": "ad434dbc-f5b4-4250-9f40-1b62ed97f47f",
    "data": [
      {
        "text": "how does ",
        "userDefined": false
      },
      {
        "text": "virus",
        "alias": "virus-name",
        "meta": "@virus-name",
        "userDefined": false
      },
      {
        "text": " transmit",
        "userDefined": false
      }
    ],
    "isTemplate": false,
    "count": 0,
    "updated": 0
  }
]