[
  {
    "id": "5690ffa9-b5f5-4f71-bb3e-322f6f8fd55c",
    "data": [
      {
        "text": "whatis",
        "userDefined": false
      }
    ],
    "isTemplate": false,
    "count": 0,
    "updated": 0
  },
  {
    "id": "8e95ad23-5954-4804-a5eb-201e7ac00691",
    "data": [
      {
        "text": "what is novel ",
        "userDefined": false
      },
      {
        "text": "coronavirus",
        "alias": "virus-name",
        "meta": "@virus-name",
        "userDefined": false
      }
    ],
    "isTemplate": false,
    "count": 0,
    "updated": 0
  },
  {
    "id": "bc59418a-2f6b-42fb-9f9b-99efd41ae806",
    "data": [
      {
        "text": "tell me more about ",
        "userDefined": false
      },
      {
        "text": "covid",
        "alias": "virus-name",
        "meta": "@virus-name",
        "userDefined": false
      }
    ],
    "isTemplate": false,
    "count": 0,
    "updated": 0
  },
  {
    "id": "5833f789-7328-4625-b56c-dffa687aee13",
    "data": [
      {
        "text": "give me info on ",
        "userDefined": false
      },
      {
        "text": "coronavirus",
        "alias": "virus-name",
        "meta": "@virus-name",
        "userDefined": false
      }
    ],
    "isTemplate": false,
    "count": 0,
    "updated": 0
  },
  {
    "id": "ab2470f2-c4d8-4277-9e7a-ccb66807610e",
    "data": [
      {
        "text": "can you tell me more about this ",
        "userDefined": false
      },
      {
        "text": "virus",
        "alias": "virus-name",
        "meta": "@virus-name",
        "userDefined": true
      }
    ],
    "isTemplate": false,
    "count": 0,
    "updated": 0
  },
  {
    "id": "88350d39-37ac-4be6-bf49-965f0afd8dcb",
    "data": [
      {
        "text": "what is this ",
        "userDefined": false
      },
      {
        "text": "virus",
        "alias": "virus-name",
        "meta": "@virus-name",
        "userDefined": true
      }
    ],
    "isTemplate": false,
    "count": 0,
    "updated": 0
  },
  {
    "id": "6281101e-995f-4bed-802e-4f48efecd69f",
    "data": [
      {
        "text": "what is ",
        "userDefined": false
      },
      {
        "text": "coronavirus",
        "alias": "virus-name",
        "meta": "@virus-name",
        "userDefined": true
      }
    ],
    "isTemplate": false,
    "count": 0,
    "updated": 0
  },
  {
    "id": "bc291cc0-b047-4fb4-acab-e1a0f4d79d14",
    "data": [
      {
        "text": "what is ",
        "userDefined": false
      },
      {
        "text": "covid19",
        "alias": "virus-name",
        "meta": "@virus-name",
        "userDefined": true
      }
    ],
    "isTemplate": false,
    "count": 0,
    "updated": 0
  },
  {
    "id": "8b5ef503-d807-498e-922e-e716ffadd916",
    "data": [
      {
        "text": "what is ",
        "userDefined": false
      },
      {
        "text": "covid-19",
        "alias": "virus-name",
        "meta": "@virus-name",
        "userDefined": true
      }
    ],
    "isTemplate": false,
    "count": 0,
    "updated": 0
  },
  {
    "id": "35fc21e6-0e97-4471-93b0-4cec002841f4",
    "data": [
      {
        "text": "what is ",
        "userDefined": false
      },
      {
        "text": "covid",
        "alias": "virus-name",
        "meta": "@virus-name",
        "userDefined": true
      }
    ],
    "isTemplate": false,
    "count": 0,
    "updated": 0
  }
]